donor	receiver	compound	rate	mass_rate	community	medium
Eggerthella_lenta_DSM_2243	Collinsella_aerofaciens_ATCC_25986	M_cholate__91__e__93__	4.675497152004815	1.9055545027156715	all	LB_extend
Collinsella_aerofaciens_ATCC_25986	Eggerthella_lenta_DSM_2243	M_3dhchol__91__e__93__	4.675497152004815	1.89612963555666	all	LB_extend
Blautia_hydrogenotrophica_DSM_10507	Eggerthella_lenta_DSM_2243	M_nzp__91__e__93__	6.249572282735372	1.7577903228041627	all	LB_extend
Eggerthella_lenta_DSM_2243	Blautia_hydrogenotrophica_DSM_10507	M_anzp__91__e__93__	6.249572282735372	1.5704093970509079	all	LB_extend
Eggerthella_lenta_DSM_2243	Blautia_hydrogenotrophica_DSM_10507	M_for__91__e__93__	17.183695751775765	0.7735653051359903	all	LB_extend
Blautia_hydrogenotrophica_DSM_10507	Eggerthella_lenta_DSM_2243	M_co2__91__e__93__	14.150502428929425	0.6227565366459696	all	LB_extend
Eggerthella_lenta_DSM_2243	Clostridium_hiranonis_TO_931_DSM_13275	M_cholate__91__e__93__	1.0208923766128708	0.4160768367078572	all	LB_extend
Clostridium_hiranonis_TO_931_DSM_13275	Eggerthella_lenta_DSM_2243	M_12dhchol__91__e__93__	1.0208923766128708	0.41401892185508093	all	LB_extend
Eggerthella_lenta_DSM_2243	Collinsella_aerofaciens_ATCC_25986	M_for__91__e__93__	7.677894313384642	0.34563883946336177	all	LB_extend
Collinsella_aerofaciens_ATCC_25986	Eggerthella_lenta_DSM_2243	M_co2__91__e__93__	7.349268643724146	0.32343763837597783	all	LB_extend
Eggerthella_lenta_DSM_2243	Blautia_hydrogenotrophica_DSM_10507	M_h2o__91__e__93__	9.702078809827418	0.17478489017480292	all	LB_extend
Blautia_hydrogenotrophica_DSM_10507	Eubacterium_rectale_ATCC_33656	M_lac_L__91__e__93__	1.647396955877611	0.14673331738062764	all	LB_extend
Clostridium_hiranonis_TO_931_DSM_13275	Eggerthella_lenta_DSM_2243	M_fum__91__e__93__	0.9949594995770414	0.11348129967565895	all	LB_extend
Collinsella_aerofaciens_ATCC_25986	Blautia_hydrogenotrophica_DSM_10507	M_etoh__91__e__93__	2.354501588122906	0.10846765006196363	all	LB_extend
Eubacterium_rectale_ATCC_33656	Blautia_hydrogenotrophica_DSM_10507	M_etoh__91__e__93__	1.954668136808543	0.09004804266012331	all	LB_extend
Eubacterium_rectale_ATCC_33656	Clostridium_hiranonis_TO_931_DSM_13275	M_ala_L__91__e__93__	0.9697188185807791	0.08639506173193551	all	LB_extend
Blautia_hydrogenotrophica_DSM_10507	Eubacterium_rectale_ATCC_33656	M_acald__91__e__93__	1.954668136808543	0.08610782262994467	all	LB_extend
Blautia_hydrogenotrophica_DSM_10507	Eggerthella_lenta_DSM_2243	M_h2__91__e__93__	39.312786716774	0.07924671546367303	all	LB_extend
Eggerthella_lenta_DSM_2243	Collinsella_aerofaciens_ATCC_25986	M_ac__91__e__93__	1.0582864973657662	0.06248536212181456	all	LB_extend
Blautia_hydrogenotrophica_DSM_10507	Bacteroides_thetaiotaomicron_VPI_5482	M_nzp__91__e__93__	0.2015194307113961	0.05668050374264233	all	LB_extend
Blautia_hydrogenotrophica_DSM_10507	Clostridium_hiranonis_TO_931_DSM_13275	M_acald__91__e__93__	1.2440339140308612	0.054802679594453105	all	LB_extend
Clostridium_hiranonis_TO_931_DSM_13275	Blautia_hydrogenotrophica_DSM_10507	M_etoh__91__e__93__	1.1305223635863746	0.05208113035016982	all	LB_extend
environment	Bacteroides_thetaiotaomicron_VPI_5482	M_pro_L__91__e__93__	0.4447629829192889	0.05120560669979602	all	LB_extend
Bacteroides_thetaiotaomicron_VPI_5482	Blautia_hydrogenotrophica_DSM_10507	M_anzp__91__e__93__	0.2015194307113961	0.050638346651622534	all	LB_extend
Eubacterium_rectale_ATCC_33656	Collinsella_aerofaciens_ATCC_25986	M_ac__91__e__93__	0.6822708993974486	0.04028393475693302	all	LB_extend
Eubacterium_rectale_ATCC_33656	Bacteroides_thetaiotaomicron_VPI_5482	M_czp__91__e__93__	0.12583557348903657	0.03972764957468253	all	LB_extend
Collinsella_aerofaciens_ATCC_25986	Blautia_hydrogenotrophica_DSM_10507	M_h2o__91__e__93__	2.142417683910057	0.038596083059176466	all	LB_extend
Bacteroides_thetaiotaomicron_VPI_5482	Eubacterium_rectale_ATCC_33656	M_7a_czp__91__e__93__	0.12583557348903657	0.035954721574760755	all	LB_extend
Eubacterium_rectale_ATCC_33656	Eggerthella_lenta_DSM_2243	M_co2__91__e__93__	0.7304971945782555	0.032148816284791736	all	LB_extend
Prevotella_copri_CB7_DSM_18205	Eggerthella_lenta_DSM_2243	M_nzp__91__e__93__	0.10264350983330892	0.028870098643722523	all	LB_extend
Prevotella_copri_CB7_DSM_18205	Collinsella_aerofaciens_ATCC_25986	M_ac__91__e__93__	0.4691661717663396	0.02770140052915458	all	LB_extend
Blautia_hydrogenotrophica_DSM_10507	Clostridium_hiranonis_TO_931_DSM_13275	M_co2__91__e__93__	0.6245048342654872	0.027484145503606963	all	LB_extend
Blautia_hydrogenotrophica_DSM_10507	Eggerthella_lenta_DSM_2243	M_lac_L__91__e__93__	0.3019978948145078	0.026898892091549245	all	LB_extend
Eggerthella_lenta_DSM_2243	Prevotella_copri_CB7_DSM_18205	M_anzp__91__e__93__	0.10264350983330892	0.025792538288390416	all	LB_extend
Bacteroides_thetaiotaomicron_VPI_5482	Prevotella_copri_CB7_DSM_18205	M_succ__91__e__93__	0.21210960254550112	0.024619985786661407	all	LB_extend
Bacteroides_thetaiotaomicron_VPI_5482	Collinsella_aerofaciens_ATCC_25986	M_lac_D__91__e__93__	0.2013633309134248	0.017935391611792566	all	LB_extend
environment	Eggerthella_lenta_DSM_2243	M_glyc3p__91__e__93__	0.10052891301208164	0.017095705677443375	all	LB_extend
Collinsella_aerofaciens_ATCC_25986	Eggerthella_lenta_DSM_2243	M_h2__91__e__93__	7.6716443200082445	0.015464500620272619	all	LB_extend
Collinsella_aerofaciens_ATCC_25986	Clostridium_hiranonis_TO_931_DSM_13275	M_co2__91__e__93__	0.3243456420980754	0.014274289535915252	all	LB_extend
Eggerthella_lenta_DSM_2243	Blautia_hydrogenotrophica_DSM_10507	M_h__91__e__93__	14.141560239539741	0.014253278565432105	all	LB_extend
Clostridium_hiranonis_TO_931_DSM_13275	Eubacterium_rectale_ATCC_33656	M_nh4__91__e__93__	0.6749113371220842	0.01217425317240929	all	LB_extend
Bacteroides_thetaiotaomicron_VPI_5482	Blautia_hydrogenotrophica_DSM_10507	M_succ__91__e__93__	0.09758803269604062	0.011327238131094828	all	LB_extend
Eggerthella_lenta_DSM_2243	Bacteroides_thetaiotaomicron_VPI_5482	M_h2o__91__e__93__	0.5986871539590327	0.010785468816002768	all	LB_extend
Collinsella_aerofaciens_ATCC_25986	Eubacterium_rectale_ATCC_33656	M_lac_L__91__e__93__	0.11623774069209204	0.0103532723158965	all	LB_extend
Bacteroides_thetaiotaomicron_VPI_5482	Eggerthella_lenta_DSM_2243	M_succ__91__e__93__	0.08631249107058248	0.010018463463544649	all	LB_extend
Bacteroides_thetaiotaomicron_VPI_5482	Eggerthella_lenta_DSM_2243	M_co2__91__e__93__	0.22092120961980877	0.009722631974762976	all	LB_extend
Eggerthella_lenta_DSM_2243	Collinsella_aerofaciens_ATCC_25986	M_h__91__e__93__	9.44693956741802	0.009521570390000622	all	LB_extend
Eggerthella_lenta_DSM_2243	environment	M_h2o__91__e__93__	0.520612980804511	0.009378946971789428	all	LB_extend
Eggerthella_lenta_DSM_2243	Bacteroides_thetaiotaomicron_VPI_5482	M_ac__91__e__93__	0.11709413877661187	0.006913694620512393	all	LB_extend
Blautia_hydrogenotrophica_DSM_10507	Prevotella_copri_CB7_DSM_18205	M_glu_L__91__e__93__	0.04650076089680948	0.006794737683002697	all	LB_extend
Clostridium_hiranonis_TO_931_DSM_13275	Collinsella_aerofaciens_ATCC_25986	M_ac__91__e__93__	0.10213224767452697	0.006030286218470002	all	LB_extend
Bacteroides_thetaiotaomicron_VPI_5482	Bacteroides_ovatus_ATCC_8483	M_lac_D__91__e__93__	0.06033057697476308	0.005373632425026753	all	LB_extend
Bacteroides_thetaiotaomicron_VPI_5482	Eubacterium_rectale_ATCC_33656	M_nh4__91__e__93__	0.28995136025654944	0.005230229621715716	all	LB_extend
environment	Collinsella_aerofaciens_ATCC_25986	M_alaleu__91__e__93__	0.025595422997851894	0.005176676860857846	all	LB_extend
Eubacterium_rectale_ATCC_33656	Bacteroides_ovatus_ATCC_8483	M_czp__91__e__93__	0.015174003465490691	0.004790596773292839	all	LB_extend
Collinsella_aerofaciens_ATCC_25986	Eggerthella_lenta_DSM_2243	M_nzp__91__e__93__	0.016386318310132725	0.004608909289922298	all	LB_extend
Eubacterium_rectale_ATCC_33656	Bacteroides_thetaiotaomicron_VPI_5482	M_ac__91__e__93__	0.07548988253761778	0.00445721707556285	all	LB_extend
Bacteroides_ovatus_ATCC_8483	Eubacterium_rectale_ATCC_33656	M_7a_czp__91__e__93__	0.015174003465490691	0.004335634627387032	all	LB_extend
environment	Faecalibacterium_prausnitzii_A2_165	M_ade__91__e__93__	0.0318292619114934	0.004300976759683414	all	LB_extend
Eggerthella_lenta_DSM_2243	Blautia_hydrogenotrophica_DSM_10507	M_pi__91__e__93__	0.04401646766762163	0.004224669755210957	all	LB_extend
Eggerthella_lenta_DSM_2243	Collinsella_aerofaciens_ATCC_25986	M_anzp__91__e__93__	0.016386318310132725	0.004117598308029589	all	LB_extend
environment	Eggerthella_lenta_DSM_2243	M_alaleu__91__e__93__	0.018105697074713028	0.0036618790439304177	all	LB_extend
Clostridium_hiranonis_TO_931_DSM_13275	Blautia_hydrogenotrophica_DSM_10507	M_nh4__91__e__93__	0.1976668550817729	0.0035655740320215444	all	LB_extend
Prevotella_copri_CB7_DSM_18205	Bacteroides_thetaiotaomicron_VPI_5482	M_ac__91__e__93__	0.05191090405371791	0.0030650222278573148	all	LB_extend
Eggerthella_lenta_DSM_2243	Prevotella_copri_CB7_DSM_18205	M_h2o__91__e__93__	0.1526313573253724	0.002749684428488049	all	LB_extend
Collinsella_aerofaciens_ATCC_25986	Bacteroides_thetaiotaomicron_VPI_5482	M_h2o__91__e__93__	0.1322023837275375	0.002381652383328334	all	LB_extend
Eubacterium_rectale_ATCC_33656	Blautia_hydrogenotrophica_DSM_10507	M_ala_L__91__e__93__	0.026280131463762298	0.0023413731244878284	all	LB_extend
Faecalibacterium_prausnitzii_A2_165	Blautia_hydrogenotrophica_DSM_10507	M_hxan__91__e__93__	0.016931588636339586	0.002304580540357408	all	LB_extend
Blautia_hydrogenotrophica_DSM_10507	Eubacterium_rectale_ATCC_33656	M_glu_L__91__e__93__	0.015531113123625165	0.0022694217807372324	all	LB_extend
Collinsella_aerofaciens_ATCC_25986	Blautia_hydrogenotrophica_DSM_10507	M_leu_L__91__e__93__	0.016813496304890665	0.0022054666627036403	all	LB_extend
Bacteroides_ovatus_ATCC_8483	Collinsella_aerofaciens_ATCC_25986	M_ac__91__e__93__	0.037059416305770324	0.002188132470416272	all	LB_extend
Collinsella_aerofaciens_ATCC_25986	environment	M_h2o__91__e__93__	0.1149620074636924	0.0020710635568599116	all	LB_extend
Collinsella_aerofaciens_ATCC_25986	Clostridium_hiranonis_TO_931_DSM_13275	M_ala_L__91__e__93__	0.022571340092379683	0.002010946145716374	all	LB_extend
Eubacterium_rectale_ATCC_33656	Faecalibacterium_prausnitzii_A2_165	M_czp__91__e__93__	0.0061941652408712715	0.001955564863527662	all	LB_extend
Collinsella_aerofaciens_ATCC_25986	Eggerthella_lenta_DSM_2243	M_lac_L__91__e__93__	0.02130849693618978	0.001897943560407037	all	LB_extend
environment	Blautia_hydrogenotrophica_DSM_10507	M_lys_L__91__e__93__	0.012784711832618248	0.0018818443797310597	all	LB_extend
environment	Blautia_hydrogenotrophica_DSM_10507	M_val_L__91__e__93__	0.015776307570995865	0.0018481297490811246	all	LB_extend
Faecalibacterium_prausnitzii_A2_165	Eubacterium_rectale_ATCC_33656	M_7a_czp__91__e__93__	0.0061941652408712715	0.0017698452071106185	all	LB_extend
Clostridium_hiranonis_TO_931_DSM_13275	Eggerthella_lenta_DSM_2243	M_nh4__91__e__93__	0.09798011006119142	0.0017673946193167893	all	LB_extend
Eubacterium_rectale_ATCC_33656	Collinsella_aerofaciens_ATCC_25986	M_gln_L__91__e__93__	0.011992574445597254	0.0017526439990348096	all	LB_extend
environment	Eggerthella_lenta_DSM_2243	M_arg_L__91__e__93__	0.009698062566127708	0.0016991810555048732	all	LB_extend
Bacteroides_ovatus_ATCC_8483	Eggerthella_lenta_DSM_2243	M_co2__91__e__93__	0.03821795199659362	0.0016819529583940874	all	LB_extend
environment	Bacteroides_thetaiotaomicron_VPI_5482	M_o2__91__e__93__	0.05192910653297526	0.0016616690941273688	all	LB_extend
Faecalibacterium_prausnitzii_A2_165	Eggerthella_lenta_DSM_2243	M_hxan__91__e__93__	0.011760785753061437	0.001600775837870671	all	LB_extend
environment	Eggerthella_lenta_DSM_2243	M_alathr__91__e__93__	0.008297406022831681	0.0015781375846215058	all	LB_extend
Bacteroides_ovatus_ATCC_8483	Clostridium_hiranonis_TO_931_DSM_13275	M_fru__91__e__93__	0.008565453905651539	0.0015431127745542154	all	LB_extend
Bacteroides_thetaiotaomicron_VPI_5482	Blautia_hydrogenotrophica_DSM_10507	M_nh4__91__e__93__	0.08492044859253393	0.0015318205278467049	all	LB_extend
environment	Blautia_hydrogenotrophica_DSM_10507	M_pi__91__e__93__	0.015229776595345123	0.001461743296777608	all	LB_extend
environment	Blautia_hydrogenotrophica_DSM_10507	M_ile_L__91__e__93__	0.01082992153592051	0.0014205867996783797	all	LB_extend
Eubacterium_rectale_ATCC_33656	Clostridium_hiranonis_TO_931_DSM_13275	M_co2__91__e__93__	0.032239069370345395	0.0014188253234542157	all	LB_extend
environment	Eggerthella_lenta_DSM_2243	M_o2__91__e__93__	0.04234175340684806	0.0013548852989150497	all	LB_extend
environment	Blautia_hydrogenotrophica_DSM_10507	M_metala__91__e__93__	0.0060234141618014025	0.0013268894729234046	all	LB_extend
environment	Eggerthella_lenta_DSM_2243	M_2obut__91__e__93__	0.012854119538397662	0.0012993008300010048	all	LB_extend
environment	Eggerthella_lenta_DSM_2243	M_metala__91__e__93__	0.005261491731875949	0.001159046647526528	all	LB_extend
Eggerthella_lenta_DSM_2243	Clostridium_hiranonis_TO_931_DSM_13275	M_h2o__91__e__93__	0.058366271657879776	0.001051480057171036	all	LB_extend
Eggerthella_lenta_DSM_2243	Collinsella_aerofaciens_ATCC_25986	M_pi__91__e__93__	0.010222988994791517	0.0009811953276277934	all	LB_extend
environment	Collinsella_aerofaciens_ATCC_25986	M_arg_L__91__e__93__	0.00559745087925788	0.0009807198528882784	all	LB_extend
environment	Blautia_hydrogenotrophica_DSM_10507	M_pro_L__91__e__93__	0.00825726418858027	0.0009506596517576653	all	LB_extend
Prevotella_copri_CB7_DSM_18205	Bacteroides_thetaiotaomicron_VPI_5482	M_nzp__91__e__93__	0.0033097723703380453	0.0009309254425837898	all	LB_extend
Bacteroides_thetaiotaomicron_VPI_5482	Faecalibacterium_prausnitzii_A2_165	M_lac_D__91__e__93__	0.010428602746150158	0.0009288735608790452	all	LB_extend
environment	Eggerthella_lenta_DSM_2243	M_ura__91__e__93__	0.008207344160898165	0.0009199333020249281	all	LB_extend
environment	Eubacterium_rectale_ATCC_33656	M_glyc3p__91__e__93__	0.005110107849022891	0.0008690126765459952	all	LB_extend
environment	Collinsella_aerofaciens_ATCC_25986	M_26dap_M__91__e__93__	0.00454903060925529	0.000865209700273224	all	LB_extend
Bacteroides_thetaiotaomicron_VPI_5482	Prevotella_copri_CB7_DSM_18205	M_anzp__91__e__93__	0.0033097723703380453	0.000831688537603944	all	LB_extend
Bacteroides_thetaiotaomicron_VPI_5482	Bacteroides_ovatus_ATCC_8483	M_phe_L__91__e__93__	0.005013925675450889	0.0008282438642243543	all	LB_extend
Bacteroides_thetaiotaomicron_VPI_5482	Eubacterium_rectale_ATCC_33656	M_acgam__91__e__93__	0.003499022546221338	0.0007740089801864928	all	LB_extend
Bacteroides_thetaiotaomicron_VPI_5482	Eggerthella_lenta_DSM_2243	M_nh4__91__e__93__	0.042093627159192196	0.0007592974747856567	all	LB_extend
Collinsella_aerofaciens_ATCC_25986	Eggerthella_lenta_DSM_2243	M_orn__91__e__93__	0.00559745087925788	0.0007454035776693651	all	LB_extend
Bacteroides_ovatus_ATCC_8483	Bacteroides_thetaiotaomicron_VPI_5482	M_pac__91__e__93__	0.005367125182256965	0.0007253116869926515	all	LB_extend
Blautia_hydrogenotrophica_DSM_10507	Prevotella_copri_CB7_DSM_18205	M_co2__91__e__93__	0.01624678645508049	0.0007150129484948648	all	LB_extend
environment	Blautia_hydrogenotrophica_DSM_10507	M_cgly__91__e__93__	0.004009190574239754	0.0007144742439637497	all	LB_extend
Clostridium_hiranonis_TO_931_DSM_13275	Blautia_hydrogenotrophica_DSM_10507	M_h__91__e__93__	0.6660090249383672	0.0006712704962353802	all	LB_extend
Clostridium_hiranonis_TO_931_DSM_13275	Bacteroides_thetaiotaomicron_VPI_5482	M_ac__91__e__93__	0.011300425369251443	0.0006672211854595453	all	LB_extend
Collinsella_aerofaciens_ATCC_25986	Prevotella_copri_CB7_DSM_18205	M_h2o__91__e__93__	0.03370412933791551	0.0006071866308484155	all	LB_extend
environment	Eggerthella_lenta_DSM_2243	M_cgly__91__e__93__	0.003242769601952751	0.0005778910522713579	all	LB_extend
environment	Collinsella_aerofaciens_ATCC_25986	M_val_L__91__e__93__	0.004143824943869143	0.00048543210249200024	all	LB_extend
environment	Collinsella_aerofaciens_ATCC_25986	M_ile_L__91__e__93__	0.0036417643370468687	0.0004776989683248467	all	LB_extend
Clostridium_hiranonis_TO_931_DSM_13275	Collinsella_aerofaciens_ATCC_25986	M_h__91__e__93__	0.44491179921972535	0.0004484266024335612	all	LB_extend
Faecalibacterium_prausnitzii_A2_165	Collinsella_aerofaciens_ATCC_25986	M_ac__91__e__93__	0.007382592433995773	0.00043589704941360296	all	LB_extend
Bacteroides_thetaiotaomicron_VPI_5482	Clostridium_hiranonis_TO_931_DSM_13275	M_co2__91__e__93__	0.009749926837741809	0.0004290894051655982	all	LB_extend
Prevotella_copri_CB7_DSM_18205	Eubacterium_rectale_ATCC_33656	M_nh4__91__e__93__	0.02227785604430107	0.000401854650683916	all	LB_extend
environment	Collinsella_aerofaciens_ATCC_25986	M_metala__91__e__93__	0.001760444870457776	0.00038780593589032484	all	LB_extend
Faecalibacterium_prausnitzii_A2_165	Collinsella_aerofaciens_ATCC_25986	M_hxan__91__e__93__	0.0028126651020013234	0.00038283550349803264	all	LB_extend
Bacteroides_uniformis_ATCC_8492	Eggerthella_lenta_DSM_2243	M_trp_L__91__e__93__	0.0018555652583962712	0.000378952258226401	all	LB_extend
Bacteroides_thetaiotaomicron_VPI_5482	Eggerthella_lenta_DSM_2243	M_h2__91__e__93__	0.1869392211086931	0.0003768320819109036	all	LB_extend
Collinsella_aerofaciens_ATCC_25986	Prevotella_copri_CB7_DSM_18205	M_co2__91__e__93__	0.008438004152523845	0.0003713523437504982	all	LB_extend
Faecalibacterium_prausnitzii_A2_165	Eubacterium_rectale_ATCC_33656	M_nh4__91__e__93__	0.020467034043990973	0.00036919050019572233	all	LB_extend
environment	Eubacterium_rectale_ATCC_33656	M_metala__91__e__93__	0.0016621382266881273	0.0003661501029636102	all	LB_extend
Faecalibacterium_prausnitzii_A2_165	Eggerthella_lenta_DSM_2243	M_co2__91__e__93__	0.00805696731217873	0.0003545831029253299	all	LB_extend
environment	Collinsella_aerofaciens_ATCC_25986	M_pi__91__e__93__	0.0035371724896924085	0.00033949533953993457	all	LB_extend
environment	Bacteroides_uniformis_ATCC_8492	M_indole__91__e__93__	0.0028546535902816794	0.0003344158169328821	all	LB_extend
Eggerthella_lenta_DSM_2243	Faecalibacterium_prausnitzii_A2_165	M_h2o__91__e__93__	0.01814800296124819	0.0003269399029474784	all	LB_extend
Eubacterium_rectale_ATCC_33656	Bacteroides_uniformis_ATCC_8492	M_czp__91__e__93__	0.0010290060625331374	0.0003248683272071869	all	LB_extend
Bacteroides_uniformis_ATCC_8492	Eubacterium_rectale_ATCC_33656	M_7a_czp__91__e__93__	0.0010290060625331374	0.00029401563843425583	all	LB_extend
Bacteroides_thetaiotaomicron_VPI_5482	Bacteroides_uniformis_ATCC_8492	M_lac_D__91__e__93__	0.002943367454622948	0.0002621651505097751	all	LB_extend
environment	Eggerthella_lenta_DSM_2243	M_lanost__91__e__93__	0.0006103685795380936	0.00026045367256502945	all	LB_extend
Eggerthella_lenta_DSM_2243	Clostridium_hiranonis_TO_931_DSM_13275	M_pi__91__e__93__	0.002658481346498914	0.00025515917870002323	all	LB_extend
environment	Eubacterium_rectale_ATCC_33656	M_alathr__91__e__93__	0.001333921829486826	0.00025370726324199113	all	LB_extend
Clostridium_hiranonis_TO_931_DSM_13275	Collinsella_aerofaciens_ATCC_25986	M_nh4__91__e__93__	0.013968069967689413	0.0002519602364981719	all	LB_extend
Eggerthella_lenta_DSM_2243	Bacteroides_ovatus_ATCC_8483	M_h2o__91__e__93__	0.013778907200174	0.0002482297689925747	all	LB_extend
Bacteroides_ovatus_ATCC_8483	Bacteroides_thetaiotaomicron_VPI_5482	M_ac__91__e__93__	0.0041004401423334995	0.00024210597771992485	all	LB_extend
Collinsella_aerofaciens_ATCC_25986	Eubacterium_rectale_ATCC_33656	M_leu_L__91__e__93__	0.0017714713076297894	0.00023236814295293776	all	LB_extend
Collinsella_aerofaciens_ATCC_25986	Clostridium_hiranonis_TO_931_DSM_13275	M_h2o__91__e__93__	0.012888468027808605	0.0002321883292145776	all	LB_extend
Bacteroides_thetaiotaomicron_VPI_5482	Blautia_hydrogenotrophica_DSM_10507	M_h__91__e__93__	0.22449874142228293	0.00022627228147951896	all	LB_extend
environment	Blautia_hydrogenotrophica_DSM_10507	M_ribflv__91__e__93__	0.0005986564448247576	0.00022531219540922474	all	LB_extend
environment	Collinsella_aerofaciens_ATCC_25986	M_cgly__91__e__93__	0.0012310044064021526	0.0002193761873609618	all	LB_extend
Bacteroides_ovatus_ATCC_8483	Blautia_hydrogenotrophica_DSM_10507	M_for__91__e__93__	0.004841551311863276	0.00021795405202667384	all	LB_extend
Blautia_hydrogenotrophica_DSM_10507	Clostridium_hiranonis_TO_931_DSM_13275	M_glu_L__91__e__93__	0.0013854011185966866	0.0002024361968504664	all	LB_extend
environment	Blautia_hydrogenotrophica_DSM_10507	M_nmn__91__e__93__	0.0005986564448242452	0.00019947873303939807	all	LB_extend
environment	Eubacterium_rectale_ATCC_33656	M_lys_L__91__e__93__	0.0013316716324166865	0.0001960152727664109	all	LB_extend
environment	Eubacterium_rectale_ATCC_33656	M_ile_L__91__e__93__	0.0014545770665267512	0.0001908003648012736	all	LB_extend
environment	Collinsella_aerofaciens_ATCC_25986	M_ribflv__91__e__93__	0.0004640323836145498	0.00017464466639756116	all	LB_extend
environment	Clostridium_hiranonis_TO_931_DSM_13275	M_dad_2__91__e__93__	0.0006856948981536354	0.0001722749461849768	all	LB_extend
environment	Blautia_hydrogenotrophica_DSM_10507	M_arg_L__91__e__93__	0.00097363917455906	0.00017058966458789612	all	LB_extend
Eggerthella_lenta_DSM_2243	Bacteroides_thetaiotaomicron_VPI_5482	M_pi__91__e__93__	0.0017680322358845284	0.00016969449637763194	all	LB_extend
Faecalibacterium_prausnitzii_A2_165	Eubacterium_rectale_ATCC_33656	M_ser_L__91__e__93__	0.0015711075906535198	0.00016511131024923688	all	LB_extend
environment	Eggerthella_lenta_DSM_2243	M_fol__91__e__93__	0.0003651809980058505	0.00016082162149459888	all	LB_extend
Collinsella_aerofaciens_ATCC_25986	Bacteroides_thetaiotaomicron_VPI_5482	M_leu_L__91__e__93__	0.0012015071540206616	0.0001576045770100598	all	LB_extend
Bacteroides_thetaiotaomicron_VPI_5482	Collinsella_aerofaciens_ATCC_25986	M_h__91__e__93__	0.14997114938193956	0.0001511559214620569	all	LB_extend
Bacteroides_uniformis_ATCC_8492	Collinsella_aerofaciens_ATCC_25986	M_trp_L__91__e__93__	0.0007338682343340771	0.0001498740199964066	all	LB_extend
Collinsella_aerofaciens_ATCC_25986	Bacteroides_thetaiotaomicron_VPI_5482	M_nzp__91__e__93__	0.0005283820056671705	0.0001486157346913807	all	LB_extend
environment	Eubacterium_rectale_ATCC_33656	M_val_L__91__e__93__	0.001265931401690648	0.0001482986733893125	all	LB_extend
Eggerthella_lenta_DSM_2243	Prevotella_copri_CB7_DSM_18205	M_pi__91__e__93__	0.001500730957323748	0.0001440391067722632	all	LB_extend
environment	Bacteroides_uniformis_ATCC_8492	M_cytd__91__e__93__	0.0005657118678355563	0.00013759023421867943	all	LB_extend
environment	Collinsella_aerofaciens_ATCC_25986	M_ura__91__e__93__	0.001222179819322627	0.00013698998053648758	all	LB_extend
Prevotella_copri_CB7_DSM_18205	Clostridium_hiranonis_TO_931_DSM_13275	M_ins__91__e__93__	0.000506143433271225	0.0001357606260752343	all	LB_extend
Bacteroides_thetaiotaomicron_VPI_5482	Collinsella_aerofaciens_ATCC_25986	M_anzp__91__e__93__	0.0005283820056671705	0.0001327732570154619	all	LB_extend
Collinsella_aerofaciens_ATCC_25986	Clostridium_hiranonis_TO_931_DSM_13275	M_leu_L__91__e__93__	0.0010053334590859467	0.00013187200262860542	all	LB_extend
environment	Blautia_hydrogenotrophica_DSM_10507	M_pnto_R__91__e__93__	0.0005986564448247581	0.00013064264079090562	all	LB_extend
Blautia_hydrogenotrophica_DSM_10507	Eggerthella_lenta_DSM_2243	M_orn__91__e__93__	0.00097363917455906	0.00012965797105335072	all	LB_extend
environment	Bacteroides_thetaiotaomicron_VPI_5482	M_cytd__91__e__93__	0.0004981527433383671	0.00012115876743905861	all	LB_extend
Prevotella_copri_CB7_DSM_18205	Blautia_hydrogenotrophica_DSM_10507	M_nh4__91__e__93__	0.006524699616128829	0.00011769448908561664	all	LB_extend
environment	Clostridium_hiranonis_TO_931_DSM_13275	M_arg_L__91__e__93__	0.0006606653815043721	0.00011575405836223248	all	LB_extend
environment	Clostridium_hiranonis_TO_931_DSM_13275	M_lys_L__91__e__93__	0.0007644393728129298	0.00011252157703726192	all	LB_extend
environment	Eggerthella_lenta_DSM_2243	M_sheme__91__e__93__	0.00012172699933528356	0.0001106006646880413	all	LB_extend
environment	Clostridium_hiranonis_TO_931_DSM_13275	M_val_L__91__e__93__	0.0009433165817712544	0.00011050566995651718	all	LB_extend
Bacteroides_thetaiotaomicron_VPI_5482	Bacteroides_uniformis_ATCC_8492	M_phe_L__91__e__93__	0.0006677160293375968	0.00011029914285543948	all	LB_extend
environment	Bacteroides_thetaiotaomicron_VPI_5482	M_lys_L__91__e__93__	0.0007446321373843509	0.0001096060529990758	all	LB_extend
environment	Bacteroides_thetaiotaomicron_VPI_5482	M_val_L__91__e__93__	0.0009350241191763987	0.00010953424196262649	all	LB_extend
Bacteroides_thetaiotaomicron_VPI_5482	Collinsella_aerofaciens_ATCC_25986	M_nh4__91__e__93__	0.0060008784332475805	0.00010824564544244982	all	LB_extend
Faecalibacterium_prausnitzii_A2_165	Blautia_hydrogenotrophica_DSM_10507	M_nh4__91__e__93__	0.005994349227527437	0.00010812786967090818	all	LB_extend
Blautia_hydrogenotrophica_DSM_10507	Clostridium_hiranonis_TO_931_DSM_13275	M_gly__91__e__93__	0.0013654713785697602	0.00010250102069226905	all	LB_extend
environment	Collinsella_aerofaciens_ATCC_25986	M_pnto_R__91__e__93__	0.0004640323836145501	0.00010126411655962226	all	LB_extend
environment	Eubacterium_rectale_ATCC_33656	M_cgly__91__e__93__	0.0005645853821617991	0.00010061425282821027	all	LB_extend
environment	Bacteroides_thetaiotaomicron_VPI_5482	M_adn__91__e__93__	0.00037643643183188217	0.00010059917319189765	all	LB_extend
Bacteroides_ovatus_ATCC_8483	Collinsella_aerofaciens_ATCC_25986	M_for__91__e__93__	0.0021632668444722405	9.738464884434464e-05	all	LB_extend
Bacteroides_uniformis_ATCC_8492	Bacteroides_thetaiotaomicron_VPI_5482	M_pac__91__e__93__	0.0007176154500421358	9.697833663405922e-05	all	LB_extend
environment	Eggerthella_lenta_DSM_2243	M_ribflv__91__e__93__	0.00024345399867056714	9.162710164705053e-05	all	LB_extend
environment	Eggerthella_lenta_DSM_2243	M_q8__91__e__93__	0.00012172699933528354	8.850849244218036e-05	all	LB_extend
environment	Clostridium_hiranonis_TO_931_DSM_13275	M_pi__91__e__93__	0.0009198393041396562	8.82855325238113e-05	all	LB_extend
environment	Blautia_hydrogenotrophica_DSM_10507	M_h__91__e__93__	0.08533709044554127	8.601125346006105e-05	all	LB_extend
environment	Clostridium_hiranonis_TO_931_DSM_13275	M_ile_L__91__e__93__	0.0006475561228850047	8.494149077352098e-05	all	LB_extend
environment	Eubacterium_rectale_ATCC_33656	M_ade__91__e__93__	0.0006224966308107754	8.411579098325223e-05	all	LB_extend
Bacteroides_ovatus_ATCC_8483	Eggerthella_lenta_DSM_2243	M_h2__91__e__93__	0.03974335703902436	8.01146591192653e-05	all	LB_extend
Bacteroides_uniformis_ATCC_8492	Clostridium_hiranonis_TO_931_DSM_13275	M_uri__91__e__93__	0.0003256138160148996	7.95151869232729e-05	all	LB_extend
environment	Clostridium_hiranonis_TO_931_DSM_13275	M_cytd__91__e__93__	0.0003245847850498474	7.89442455391622e-05	all	LB_extend
environment	Eubacterium_rectale_ATCC_33656	M_pro_L__91__e__93__	0.0006624624126291598	7.626936381223645e-05	all	LB_extend
environment	Eggerthella_lenta_DSM_2243	M_pheme__91__e__93__	0.00012172699933528354	7.479761362695155e-05	all	LB_extend
Blautia_hydrogenotrophica_DSM_10507	environment	M_h2__91__e__93__	0.03708567399568936	7.47573016405106e-05	all	LB_extend
Bacteroides_ovatus_ATCC_8483	Clostridium_hiranonis_TO_931_DSM_13275	M_co2__91__e__93__	0.0016866747945857045	7.422971437231957e-05	all	LB_extend
environment	Prevotella_copri_CB7_DSM_18205	M_lys_L__91__e__93__	0.0004914435235600502	7.233798030606923e-05	all	LB_extend
Collinsella_aerofaciens_ATCC_25986	Faecalibacterium_prausnitzii_A2_165	M_h2o__91__e__93__	0.004007450695251755	7.219502576509941e-05	all	LB_extend
Eubacterium_rectale_ATCC_33656	Clostridium_hiranonis_TO_931_DSM_13275	M_thr_L__91__e__93__	0.0005652794822494653	6.733541359017761e-05	all	LB_extend
Prevotella_copri_CB7_DSM_18205	Bacteroides_thetaiotaomicron_VPI_5482	M_gsn__91__e__93__	0.00022865272745820373	6.476364425580711e-05	all	LB_extend
environment	Bacteroides_ovatus_ATCC_8483	M_phe_L__91__e__93__	0.00039132120819147163	6.464184166357855e-05	all	LB_extend
Blautia_hydrogenotrophica_DSM_10507	Eubacterium_rectale_ATCC_33656	M_gly__91__e__93__	0.0008102061644197793	6.081926002080092e-05	all	LB_extend
environment	Bacteroides_thetaiotaomicron_VPI_5482	M_pi__91__e__93__	0.0006117423181073914	5.871459947232476e-05	all	LB_extend
Prevotella_copri_CB7_DSM_18205	Eggerthella_lenta_DSM_2243	M_nh4__91__e__93__	0.0032341830209219836	5.833916358629701e-05	all	LB_extend
Eubacterium_rectale_ATCC_33656	Prevotella_copri_CB7_DSM_18205	M_met_L__91__e__93__	0.00038565269882626443	5.754358627929585e-05	all	LB_extend
Bacteroides_uniformis_ATCC_8492	Blautia_hydrogenotrophica_DSM_10507	M_h2o__91__e__93__	0.0031910026203442726	5.748655040602615e-05	all	LB_extend
environment	Collinsella_aerofaciens_ATCC_25986	M_h__91__e__93__	0.057007453395718964	5.745781227754515e-05	all	LB_extend
environment	Clostridium_hiranonis_TO_931_DSM_13275	M_pro_L__91__e__93__	0.0004937285986661355	5.684302293729204e-05	all	LB_extend
environment	Collinsella_aerofaciens_ATCC_25986	M_nac__91__e__93__	0.0004640323836145499	5.665895728143524e-05	all	LB_extend
Collinsella_aerofaciens_ATCC_25986	Bacteroides_ovatus_ATCC_8483	M_h2o__91__e__93__	0.0030426648792737957	5.481421633309329e-05	all	LB_extend
Collinsella_aerofaciens_ATCC_25986	Blautia_hydrogenotrophica_DSM_10507	M_ala_L__91__e__93__	0.0006117008080849304	5.44981989246299e-05	all	LB_extend
Eubacterium_rectale_ATCC_33656	Clostridium_hiranonis_TO_931_DSM_13275	M_met_L__91__e__93__	0.0003601594626710485	5.373971756866354e-05	all	LB_extend
Faecalibacterium_prausnitzii_A2_165	Eggerthella_lenta_DSM_2243	M_nh4__91__e__93__	0.0029712973215230477	5.3597152474829185e-05	all	LB_extend
environment	Eggerthella_lenta_DSM_2243	M_pnto_R__91__e__93__	0.0002434539986705675	5.3128089695482734e-05	all	LB_extend
Bacteroides_ovatus_ATCC_8483	Eubacterium_rectale_ATCC_33656	M_nh4__91__e__93__	0.002911326945976633	5.25153888496103e-05	all	LB_extend
environment	Eubacterium_rectale_ATCC_33656	M_his_L__91__e__93__	0.00033712643476454314	5.230658228474489e-05	all	LB_extend
Eubacterium_rectale_ATCC_33656	Bacteroides_thetaiotaomicron_VPI_5482	M_met_L__91__e__93__	0.0003495497967507754	5.215663976800026e-05	all	LB_extend
environment	Prevotella_copri_CB7_DSM_18205	M_adn__91__e__93__	0.00019166318426681422	5.122022269401084e-05	all	LB_extend
environment	Prevotella_copri_CB7_DSM_18205	M_cytd__91__e__93__	0.00020866938063630427	5.0751752947777446e-05	all	LB_extend
Faecalibacterium_prausnitzii_A2_165	Clostridium_hiranonis_TO_931_DSM_13275	M_ser_L__91__e__93__	0.00048059642176246856	5.050698333478787e-05	all	LB_extend
Bacteroides_uniformis_ATCC_8492	Prevotella_copri_CB7_DSM_18205	M_uri__91__e__93__	0.00020667001364043852	5.046900333400736e-05	all	LB_extend
environment	Blautia_hydrogenotrophica_DSM_10507	M_pydx__91__e__93__	0.0002993282224123788	5.00361845836091e-05	all	LB_extend
environment	Prevotella_copri_CB7_DSM_18205	M_pi__91__e__93__	0.0005192555972993659	4.983778874987503e-05	all	LB_extend
Faecalibacterium_prausnitzii_A2_165	Bacteroides_thetaiotaomicron_VPI_5482	M_ac__91__e__93__	0.000816847144085493	4.8229841090669445e-05	all	LB_extend
environment	Eubacterium_rectale_ATCC_33656	M_fol__91__e__93__	9.798955755235186e-05	4.315350366301117e-05	all	LB_extend
Faecalibacterium_prausnitzii_A2_165	Prevotella_copri_CB7_DSM_18205	M_hxan__91__e__93__	0.00031491672379195453	4.286372466706386e-05	all	LB_extend
environment	Collinsella_aerofaciens_ATCC_25986	M_pydx__91__e__93__	0.0002320161918072749	3.878419784841096e-05	all	LB_extend
environment	Bacteroides_thetaiotaomicron_VPI_5482	M_cgly__91__e__93__	0.00021479913663148185	3.827916081987341e-05	all	LB_extend
environment	Eubacterium_rectale_ATCC_33656	M_ura__91__e__93__	0.000334143852331729	3.7453048318765576e-05	all	LB_extend
Eubacterium_rectale_ATCC_33656	Prevotella_copri_CB7_DSM_18205	M_co2__91__e__93__	0.0008387145252231303	3.691140689780736e-05	all	LB_extend
Eggerthella_lenta_DSM_2243	Faecalibacterium_prausnitzii_A2_165	M_h__91__e__93__	0.03486540536347716	3.514084206584863e-05	all	LB_extend
environment	Clostridium_hiranonis_TO_931_DSM_13275	M_his_L__91__e__93__	0.00021227602466812167	3.293551678656269e-05	all	LB_extend
Eggerthella_lenta_DSM_2243	Bacteroides_thetaiotaomicron_VPI_5482	M_for__91__e__93__	0.0007176749651335267	3.230786097540202e-05	all	LB_extend
environment	Eggerthella_lenta_DSM_2243	M_thm__91__e__93__	0.00012172699933528144	3.2300734008914344e-05	all	LB_extend
Clostridium_hiranonis_TO_931_DSM_13275	Bacteroides_thetaiotaomicron_VPI_5482	M_adn__91__e__93__	0.00011890373211607123	3.177592849368457e-05	all	LB_extend
environment	Eggerthella_lenta_DSM_2243	M_nac__91__e__93__	0.0002434539986705397	2.972604972787117e-05	all	LB_extend
Eubacterium_rectale_ATCC_33656	Clostridium_hiranonis_TO_931_DSM_13275	M_cys_L__91__e__93__	0.00023972250357962854	2.904427511645028e-05	all	LB_extend
Bacteroides_uniformis_ATCC_8492	Eggerthella_lenta_DSM_2243	M_co2__91__e__93__	0.0006583308201546223	2.8972810229594856e-05	all	LB_extend
environment	Blautia_hydrogenotrophica_DSM_10507	M_so4__91__e__93__	0.0002993282224123788	2.875424729831138e-05	all	LB_extend
Bacteroides_uniformis_ATCC_8492	Clostridium_hiranonis_TO_931_DSM_13275	M_trp_L__91__e__93__	0.00012641038071126598	2.5816122077644077e-05	all	LB_extend
environment	Prevotella_copri_CB7_DSM_18205	M_dcyt__91__e__93__	0.00011095153660798046	2.5210042007994516e-05	all	LB_extend
Bacteroides_uniformis_ATCC_8492	Bacteroides_thetaiotaomicron_VPI_5482	M_trp_L__91__e__93__	0.00012313665270745558	2.5147545958184303e-05	all	LB_extend
environment	Eubacterium_rectale_ATCC_33656	M_ribflv__91__e__93__	6.53263717015679e-05	2.458643576535437e-05	all	LB_extend
environment	Eggerthella_lenta_DSM_2243	M_cit__91__e__93__	0.00012172699933528356	2.3018514710802455e-05	all	LB_extend
Bacteroides_thetaiotaomicron_VPI_5482	Bacteroides_ovatus_ATCC_8483	M_succ__91__e__93__	0.00019709339180461674	2.2877024173545477e-05	all	LB_extend
environment	Collinsella_aerofaciens_ATCC_25986	M_so4__91__e__93__	0.0002320161918072749	2.228807862710553e-05	all	LB_extend
Eggerthella_lenta_DSM_2243	Bacteroides_thetaiotaomicron_VPI_5482	M_adn__91__e__93__	7.673106132613431e-05	2.0505670213645196e-05	all	LB_extend
Clostridium_hiranonis_TO_931_DSM_13275	Bacteroides_uniformis_ATCC_8492	M_nh4__91__e__93__	0.0011180159008466457	2.0167106224242047e-05	all	LB_extend
environment	Blautia_hydrogenotrophica_DSM_10507	M_zn2__91__e__93__	0.0002993282224123788	1.957307246354545e-05	all	LB_extend
environment	Blautia_hydrogenotrophica_DSM_10507	M_cu2__91__e__93__	0.0002993282224123788	1.9021111221417025e-05	all	LB_extend
Eggerthella_lenta_DSM_2243	Bacteroides_ovatus_ATCC_8483	M_pi__91__e__93__	0.00019770542468773252	1.8975628267731287e-05	all	LB_extend
environment	Eggerthella_lenta_DSM_2243	M_spmd__91__e__93__	0.00012172699933528356	1.804831611904329e-05	all	LB_extend
environment	Blautia_hydrogenotrophica_DSM_10507	M_cobalt2__91__e__93__	0.0002993282224123788	1.7640369997073202e-05	all	LB_extend
environment	Blautia_hydrogenotrophica_DSM_10507	M_fe2__91__e__93__	0.00029932822241237873	1.6715984580619293e-05	all	LB_extend
environment	Blautia_hydrogenotrophica_DSM_10507	M_fe3__91__e__93__	0.0002993282224123788	1.6715984580619293e-05	all	LB_extend
environment	Blautia_hydrogenotrophica_DSM_10507	M_mn2__91__e__93__	0.0002993282224123788	1.6444493882891266e-05	all	LB_extend
environment	Bacteroides_ovatus_ATCC_8483	M_dad_2__91__e__93__	6.542381532510192e-05	1.643717095562006e-05	all	LB_extend
Clostridium_hiranonis_TO_931_DSM_13275	Prevotella_copri_CB7_DSM_18205	M_adn__91__e__93__	6.054001683012534e-05	1.6178762529696158e-05	all	LB_extend
Faecalibacterium_prausnitzii_A2_165	Clostridium_hiranonis_TO_931_DSM_13275	M_co2__91__e__93__	0.00035557854297017355	1.5648833886845856e-05	all	LB_extend
Bacteroides_ovatus_ATCC_8483	Blautia_hydrogenotrophica_DSM_10507	M_nh4__91__e__93__	0.0008526643573360612	1.5380615476935075e-05	all	LB_extend
environment	Collinsella_aerofaciens_ATCC_25986	M_zn2__91__e__93__	0.00023201619180727488	1.5171538782277705e-05	all	LB_extend
Eubacterium_rectale_ATCC_33656	Faecalibacterium_prausnitzii_A2_165	M_asn_L__91__e__93__	0.0001127978825534846	1.4902585528048255e-05	all	LB_extend
Eggerthella_lenta_DSM_2243	Eubacterium_rectale_ATCC_33656	M_h__91__e__93__	0.014667160883829947	1.4783031454812202e-05	all	LB_extend
environment	Collinsella_aerofaciens_ATCC_25986	M_cu2__91__e__93__	0.0002320161918072749	1.4743700924585093e-05	all	LB_extend
Collinsella_aerofaciens_ATCC_25986	environment	M_h2__91__e__93__	0.007237037209100052	1.4588419606103884e-05	all	LB_extend
environment	Eubacterium_rectale_ATCC_33656	M_pnto_R__91__e__93__	6.53263717015683e-05	1.4255938921495128e-05	all	LB_extend
environment	Collinsella_aerofaciens_ATCC_25986	M_cobalt2__91__e__93__	0.0002320161918072749	1.3673456635016493e-05	all	LB_extend
environment	Clostridium_hiranonis_TO_931_DSM_13275	M_ribflv__91__e__93__	3.579560988184856e-05	1.347214670152316e-05	all	LB_extend
environment	Faecalibacterium_prausnitzii_A2_165	M_glyc3p__91__e__93__	7.639136190617027e-05	1.2990931666494742e-05	all	LB_extend
environment	Collinsella_aerofaciens_ATCC_25986	M_fe2__91__e__93__	0.00023201619180727488	1.2956944231477267e-05	all	LB_extend
environment	Collinsella_aerofaciens_ATCC_25986	M_fe3__91__e__93__	0.00023201619180727488	1.2956944231477264e-05	all	LB_extend
environment	Collinsella_aerofaciens_ATCC_25986	M_mn2__91__e__93__	0.00023201619180727488	1.2746505545508066e-05	all	LB_extend
Eubacterium_rectale_ATCC_33656	Prevotella_copri_CB7_DSM_18205	M_succ__91__e__93__	0.00010491194624239524	1.2177339424247302e-05	all	LB_extend
Collinsella_aerofaciens_ATCC_25986	Bacteroides_ovatus_ATCC_8483	M_leu_L__91__e__93__	9.261445242422378e-05	1.2148459999171252e-05	all	LB_extend
environment	Blautia_hydrogenotrophica_DSM_10507	M_ca2__91__e__93__	0.0002993282224123788	1.1996476497843317e-05	all	LB_extend
environment	Blautia_hydrogenotrophica_DSM_10507	M_k__91__e__93__	0.0002993282224123788	1.170322463834591e-05	all	LB_extend
environment	Eggerthella_lenta_DSM_2243	M_so4__91__e__93__	0.00012172699933528356	1.1693412046345613e-05	all	LB_extend
Bacteroides_ovatus_ATCC_8483	Bacteroides_thetaiotaomicron_VPI_5482	M_mqn8__91__e__93__	1.615578344598264e-05	1.158552718103398e-05	all	LB_extend
Bacteroides_thetaiotaomicron_VPI_5482	Prevotella_copri_CB7_DSM_18205	M_co2__91__e__93__	0.00025364892406598864	1.1162962323682129e-05	all	LB_extend
Bacteroides_ovatus_ATCC_8483	Bacteroides_thetaiotaomicron_VPI_5482	M_thymd__91__e__93__	4.592184738786585e-05	1.112355724906797e-05	all	LB_extend
environment	Eggerthella_lenta_DSM_2243	M_ptrc__91__e__93__	0.00012172699933528356	1.0975734003664644e-05	all	LB_extend
Prevotella_copri_CB7_DSM_18205	Bacteroides_thetaiotaomicron_VPI_5482	M_thymd__91__e__93__	4.519993518725427e-05	1.0948689900538229e-05	all	LB_extend
Eggerthella_lenta_DSM_2243	Bacteroides_ovatus_ATCC_8483	M_h__91__e__93__	0.010818031785062033	1.0903494236164023e-05	all	LB_extend
environment	Blautia_hydrogenotrophica_DSM_10507	M_cl__91__e__93__	0.0002993282224123788	1.0612083469186066e-05	all	LB_extend
environment	Bacteroides_ovatus_ATCC_8483	M_val_L__91__e__93__	9.019886752230481e-05	1.0566427514881167e-05	all	LB_extend
Eggerthella_lenta_DSM_2243	Prevotella_copri_CB7_DSM_18205	M_adn__91__e__93__	3.9067737079462824e-05	1.044049331130531e-05	all	LB_extend
environment	Bacteroides_ovatus_ATCC_8483	M_lys_L__91__e__93__	7.0422538198377e-05	1.0365838467856282e-05	all	LB_extend
Prevotella_copri_CB7_DSM_18205	Blautia_hydrogenotrophica_DSM_10507	M_h__91__e__93__	0.009957255636090402	1.0035917955615518e-05	all	LB_extend
environment	Collinsella_aerofaciens_ATCC_25986	M_ca2__91__e__93__	0.00023201619180727488	9.298744935251964e-06	all	LB_extend
environment	Collinsella_aerofaciens_ATCC_25986	M_k__91__e__93__	0.00023201619180727488	9.071438672138375e-06	all	LB_extend
environment	Prevotella_copri_CB7_DSM_18205	M_dad_2__91__e__93__	3.461542240299751e-05	8.696827186120459e-06	all	LB_extend
Bacteroides_thetaiotaomicron_VPI_5482	Bacteroides_uniformis_ATCC_8492	M_nh4__91__e__93__	0.000480315284999128	8.66407120539977e-06	all	LB_extend
environment	Bacteroides_uniformis_ATCC_8492	M_phe_L__91__e__93__	5.211314651282765e-05	8.608502925363533e-06	all	LB_extend
Prevotella_copri_CB7_DSM_18205	Collinsella_aerofaciens_ATCC_25986	M_nh4__91__e__93__	0.0004610659724339775	8.316846330555816e-06	all	LB_extend
Eubacterium_rectale_ATCC_33656	Bacteroides_ovatus_ATCC_8483	M_met_L__91__e__93__	5.526299689059033e-05	8.245841502742183e-06	all	LB_extend
environment	Collinsella_aerofaciens_ATCC_25986	M_cl__91__e__93__	0.00023201619180727488	8.225670048143318e-06	all	LB_extend
environment	Eubacterium_rectale_ATCC_33656	M_nac__91__e__93__	6.532637170157056e-05	7.976434909044976e-06	all	LB_extend
environment	Eggerthella_lenta_DSM_2243	M_zn2__91__e__93__	0.00012172699933528356	7.959728486534193e-06	all	LB_extend
Bacteroides_thetaiotaomicron_VPI_5482	Bacteroides_ovatus_ATCC_8483	M_acgam__91__e__93__	3.513885137890056e-05	7.772966924742732e-06	all	LB_extend
environment	Eggerthella_lenta_DSM_2243	M_cu2__91__e__93__	0.00012172699933528356	7.73526389975993e-06	all	LB_extend
Faecalibacterium_prausnitzii_A2_165	Collinsella_aerofaciens_ATCC_25986	M_nh4__91__e__93__	0.00042358891877057554	7.640823993459273e-06	all	LB_extend
Bacteroides_ovatus_ATCC_8483	Eggerthella_lenta_DSM_2243	M_nh4__91__e__93__	0.0004226512712132792	7.6239104255264945e-06	all	LB_extend
Collinsella_aerofaciens_ATCC_25986	Bacteroides_ovatus_ATCC_8483	M_xan__91__e__93__	4.99251141751155e-05	7.5941440647567405e-06	all	LB_extend
environment	Bacteroides_ovatus_ATCC_8483	M_ura__91__e__93__	6.542381532510192e-05	7.3331330188185695e-06	all	LB_extend
environment	Blautia_hydrogenotrophica_DSM_10507	M_mg2__91__e__93__	0.0002993282224123788	7.275172445732866e-06	all	LB_extend
environment	Bacteroides_ovatus_ATCC_8483	M_cytd__91__e__93__	2.990176230676522e-05	7.272590011378441e-06	all	LB_extend
Bacteroides_uniformis_ATCC_8492	Bacteroides_ovatus_ATCC_8483	M_uri__91__e__93__	2.961525838131118e-05	7.232072750448733e-06	all	LB_extend
environment	Eggerthella_lenta_DSM_2243	M_cobalt2__91__e__93__	0.00012172699933528356	7.173761597226133e-06	all	LB_extend
environment	Bacteroides_uniformis_ATCC_8492	M_o2__91__e__93__	0.00021708927567786173	6.946596314560762e-06	all	LB_extend
environment	Eggerthella_lenta_DSM_2243	M_fe2__91__e__93__	0.00012172699933528356	6.79784427787891e-06	all	LB_extend
environment	Eggerthella_lenta_DSM_2243	M_fe3__91__e__93__	0.00012172699933528356	6.79784427787891e-06	all	LB_extend
Prevotella_copri_CB7_DSM_18205	Collinsella_aerofaciens_ATCC_25986	M_h__91__e__93__	0.006651712446019325	6.704260974342878e-06	all	LB_extend
environment	Eggerthella_lenta_DSM_2243	M_mn2__91__e__93__	0.00012172699933528356	6.687437889481808e-06	all	LB_extend
environment	Bacteroides_ovatus_ATCC_8483	M_pi__91__e__93__	6.840643080264446e-05	6.565601343936254e-06	all	LB_extend
environment	Faecalibacterium_prausnitzii_A2_165	M_alathr__91__e__93__	3.2296262164489584e-05	6.142636026768344e-06	all	LB_extend
environment	Bacteroides_thetaiotaomicron_VPI_5482	M_q8__91__e__93__	8.07789172299132e-06	5.873487578083189e-06	all	LB_extend
environment	Collinsella_aerofaciens_ATCC_25986	M_mg2__91__e__93__	0.00023201619180727488	5.639153541875815e-06	all	LB_extend
Eubacterium_rectale_ATCC_33656	Blautia_hydrogenotrophica_DSM_10507	M_succ__91__e__93__	4.826820812090233e-05	5.6025874530093754e-06	all	LB_extend
environment	Eubacterium_rectale_ATCC_33656	M_fe2__91__e__93__	9.798955755235186e-05	5.472226841511089e-06	all	LB_extend
environment	Eubacterium_rectale_ATCC_33656	M_pydx__91__e__93__	3.266318585078395e-05	5.460030407914406e-06	all	LB_extend
environment	Bacteroides_ovatus_ATCC_8483	M_pro_L__91__e__93__	4.548381773070412e-05	5.236556483717737e-06	all	LB_extend
environment	Bacteroides_thetaiotaomicron_VPI_5482	M_pheme__91__e__93__	8.07789172299132e-06	4.963623742604821e-06	all	LB_extend
Eubacterium_rectale_ATCC_33656	Eggerthella_lenta_DSM_2243	M_succ__91__e__93__	4.269119037786925e-05	4.95525184954004e-06	all	LB_extend
environment	Eggerthella_lenta_DSM_2243	M_ca2__91__e__93__	0.00012172699933528356	4.878574679359495e-06	all	LB_extend
environment	Eubacterium_rectale_ATCC_33656	M_spmd__91__e__93__	3.266318585078395e-05	4.842931370272715e-06	all	LB_extend
environment	Eggerthella_lenta_DSM_2243	M_k__91__e__93__	0.00012172699933528356	4.759318738110718e-06	all	LB_extend
environment	Clostridium_hiranonis_TO_931_DSM_13275	M_nac__91__e__93__	3.579560988185501e-05	4.370690500867343e-06	all	LB_extend
environment	Eggerthella_lenta_DSM_2243	M_cl__91__e__93__	0.00012172699933528356	4.315587307433808e-06	all	LB_extend
Bacteroides_ovatus_ATCC_8483	Eggerthella_lenta_DSM_2243	M_mqn8__91__e__93__	5.928200929686316e-06	4.251191731750422e-06	all	LB_extend
Faecalibacterium_prausnitzii_A2_165	Bacteroides_thetaiotaomicron_VPI_5482	M_thymd__91__e__93__	1.599473996250187e-05	3.874373871636904e-06	all	LB_extend
environment	Bacteroides_ovatus_ATCC_8483	M_2obut__91__e__93__	3.7570904450448334e-05	3.7976858073035427e-06	all	LB_extend
Bacteroides_uniformis_ATCC_8492	Bacteroides_thetaiotaomicron_VPI_5482	M_h2o__91__e__93__	0.00019690751997547532	3.5473283538621836e-06	all	LB_extend
Collinsella_aerofaciens_ATCC_25986	Faecalibacterium_prausnitzii_A2_165	M_leu_L__91__e__93__	2.648223301418307e-05	3.473738061829627e-06	all	LB_extend
Bacteroides_ovatus_ATCC_8483	Bacteroides_thetaiotaomicron_VPI_5482	M_adn__91__e__93__	1.2448306784832566e-05	3.3266954638240826e-06	all	LB_extend
Bacteroides_thetaiotaomicron_VPI_5482	Bacteroides_uniformis_ATCC_8492	M_acgam__91__e__93__	1.5019380911542739e-05	3.322395197175817e-06	all	LB_extend
environment	Eubacterium_rectale_ATCC_33656	M_so4__91__e__93__	3.266318585078395e-05	3.1377105571095185e-06	all	LB_extend
Bacteroides_uniformis_ATCC_8492	environment	M_h2o__91__e__93__	0.00017122901375009425	3.0847249285106983e-06	all	LB_extend
environment	Clostridium_hiranonis_TO_931_DSM_13275	M_pydx__91__e__93__	1.789780494092428e-05	2.991825710412808e-06	all	LB_extend
environment	Eggerthella_lenta_DSM_2243	M_mg2__91__e__93__	0.00012172699933528356	2.958574718844067e-06	all	LB_extend
environment	Eubacterium_rectale_ATCC_33656	M_ptrc__91__e__93__	3.266318585078395e-05	2.945134945970466e-06	all	LB_extend
environment	Faecalibacterium_prausnitzii_A2_165	M_lys_L__91__e__93__	1.9907541440917438e-05	2.930288571641698e-06	all	LB_extend
environment	Faecalibacterium_prausnitzii_A2_165	M_ile_L__91__e__93__	2.174489005096462e-05	2.8523294157211514e-06	all	LB_extend
environment	Faecalibacterium_prausnitzii_A2_165	M_ura__91__e__93__	2.507714926828739e-05	2.8108123991748217e-06	all	LB_extend
Bacteroides_ovatus_ATCC_8483	Clostridium_hiranonis_TO_931_DSM_13275	M_thymd__91__e__93__	1.154175781356982e-05	2.795736911665391e-06	all	LB_extend
Prevotella_copri_CB7_DSM_18205	Clostridium_hiranonis_TO_931_DSM_13275	M_thymd__91__e__93__	1.136031616311214e-05	2.7517866635583278e-06	all	LB_extend
Bacteroides_thetaiotaomicron_VPI_5482	Faecalibacterium_prausnitzii_A2_165	M_acgam__91__e__93__	1.2218261246859773e-05	2.7027673592863594e-06	all	LB_extend
Bacteroides_thetaiotaomicron_VPI_5482	Faecalibacterium_prausnitzii_A2_165	M_succ__91__e__93__	2.0795321490081193e-05	2.413754555996704e-06	all	LB_extend
Bacteroides_uniformis_ATCC_8492	Bacteroides_ovatus_ATCC_8483	M_trp_L__91__e__93__	1.1645318361288803e-05	2.378261648738697e-06	all	LB_extend
Faecalibacterium_prausnitzii_A2_165	Eggerthella_lenta_DSM_2243	M_fum__91__e__93__	2.0805607104801556e-05	2.373008485066667e-06	all	LB_extend
environment	Faecalibacterium_prausnitzii_A2_165	M_val_L__91__e__93__	1.8924771863451074e-05	2.2169594322386536e-06	all	LB_extend
Prevotella_copri_CB7_DSM_18205	Blautia_hydrogenotrophica_DSM_10507	M_for__91__e__93__	4.771508551964738e-05	2.148009090872174e-06	all	LB_extend
environment	Eubacterium_rectale_ATCC_33656	M_zn2__91__e__93__	3.266318585078395e-05	2.1358457227827626e-06	all	LB_extend
environment	Faecalibacterium_prausnitzii_A2_165	M_arg_L__91__e__93__	1.1894094886232413e-05	2.0839441450554743e-06	all	LB_extend
environment	Eubacterium_rectale_ATCC_33656	M_cu2__91__e__93__	3.266318585078395e-05	2.075614808073917e-06	all	LB_extend
Eubacterium_rectale_ATCC_33656	Blautia_hydrogenotrophica_DSM_10507	M_for__91__e__93__	4.515050940843149e-05	2.032558542243124e-06	all	LB_extend
environment	Bacteroides_thetaiotaomicron_VPI_5482	M_nac__91__e__93__	1.615578344598135e-05	1.9726421612728025e-06	all	LB_extend
Bacteroides_ovatus_ATCC_8483	Prevotella_copri_CB7_DSM_18205	M_co2__91__e__93__	4.3879636638891424e-05	1.9311208686592927e-06	all	LB_extend
environment	Eubacterium_rectale_ATCC_33656	M_cobalt2__91__e__93__	3.266318585078395e-05	1.924946064381421e-06	all	LB_extend
environment	Prevotella_copri_CB7_DSM_18205	M_pydx__91__e__93__	1.1506158155868252e-05	1.9233878071879863e-06	all	LB_extend
environment	Eubacterium_rectale_ATCC_33656	M_fe3__91__e__93__	3.266318585078395e-05	1.8240756138370297e-06	all	LB_extend
environment	Eubacterium_rectale_ATCC_33656	M_mn2__91__e__93__	3.266318585078395e-05	1.7944501042703687e-06	all	LB_extend
environment	Faecalibacterium_prausnitzii_A2_165	M_metala__91__e__93__	8.06790478127116e-06	1.7772674491995301e-06	all	LB_extend
environment	Clostridium_hiranonis_TO_931_DSM_13275	M_so4__91__e__93__	1.789780494092428e-05	1.719309676918033e-06	all	LB_extend
Bacteroides_ovatus_ATCC_8483	Prevotella_copri_CB7_DSM_18205	M_adn__91__e__93__	6.338074414053369e-06	1.6937920768711535e-06	all	LB_extend
Clostridium_hiranonis_TO_931_DSM_13275	Faecalibacterium_prausnitzii_A2_165	M_h__91__e__93__	0.00164201645623836	1.6549883862426432e-06	all	LB_extend
Eggerthella_lenta_DSM_2243	Clostridium_hiranonis_TO_931_DSM_13275	M_for__91__e__93__	3.578533387609034e-05	1.6109626892335094e-06	all	LB_extend
Eubacterium_rectale_ATCC_33656	Faecalibacterium_prausnitzii_A2_165	M_ocdca__91__e__93__	5.113452201513577e-06	1.4494995573134304e-06	all	LB_extend
Bacteroides_uniformis_ATCC_8492	Eggerthella_lenta_DSM_2243	M_h2__91__e__93__	0.0007187285977328515	1.448813107309882e-06	all	LB_extend
environment	Bacteroides_thetaiotaomicron_VPI_5482	M_pydx__91__e__93__	8.07789172299132e-06	1.3503133050419856e-06	all	LB_extend
environment	Eubacterium_rectale_ATCC_33656	M_ca2__91__e__93__	3.266318585078395e-05	1.3090751625277193e-06	all	LB_extend
Bacteroides_uniformis_ATCC_8492	Clostridium_hiranonis_TO_931_DSM_13275	M_co2__91__e__93__	2.905414714406217e-05	1.2786584887366043e-06	all	LB_extend
environment	Eubacterium_rectale_ATCC_33656	M_k__91__e__93__	3.266318585078395e-05	1.2770750393497062e-06	all	LB_extend
environment	Bacteroides_thetaiotaomicron_VPI_5482	M_spmd__91__e__93__	8.07789172299132e-06	1.1976993122978554e-06	all	LB_extend
environment	Clostridium_hiranonis_TO_931_DSM_13275	M_zn2__91__e__93__	1.789780494092428e-05	1.1703374650870389e-06	all	LB_extend
environment	Eubacterium_rectale_ATCC_33656	M_cl__91__e__93__	3.266318585078395e-05	1.1580079279678436e-06	all	LB_extend
environment	Faecalibacterium_prausnitzii_A2_165	M_pro_L__91__e__93__	9.903340742140671e-06	1.1401726099767295e-06	all	LB_extend
environment	Clostridium_hiranonis_TO_931_DSM_13275	M_cu2__91__e__93__	1.789780494092428e-05	1.1373339127759744e-06	all	LB_extend
environment	Prevotella_copri_CB7_DSM_18205	M_so4__91__e__93__	1.1506158155871749e-05	1.1053114684642455e-06	all	LB_extend
Eggerthella_lenta_DSM_2243	Bacteroides_uniformis_ATCC_8492	M_pi__91__e__93__	1.1480746796823564e-05	1.1019140410363682e-06	all	LB_extend
Bacteroides_ovatus_ATCC_8483	Collinsella_aerofaciens_ATCC_25986	M_nh4__91__e__93__	6.025327512444079e-05	1.0868666526772004e-06	all	LB_extend
environment	Clostridium_hiranonis_TO_931_DSM_13275	M_cobalt2__91__e__93__	1.789780494092428e-05	1.0547749181444787e-06	all	LB_extend
environment	Eubacterium_rectale_ATCC_33656	M_o2__91__e__93__	3.266318585078395e-05	1.0451827514020653e-06	all	LB_extend
environment	Clostridium_hiranonis_TO_931_DSM_13275	M_fe3__91__e__93__	1.789780494092428e-05	9.995029169259166e-07	all	LB_extend
environment	Clostridium_hiranonis_TO_931_DSM_13275	M_fe2__91__e__93__	1.789780494092428e-05	9.995029169259164e-07	all	LB_extend
environment	Clostridium_hiranonis_TO_931_DSM_13275	M_mn2__91__e__93__	1.789780494092428e-05	9.832696078444981e-07	all	LB_extend
Faecalibacterium_prausnitzii_A2_165	Clostridium_hiranonis_TO_931_DSM_13275	M_thymd__91__e__93__	4.020034590050119e-06	9.737649386786603e-07	all	LB_extend
Prevotella_copri_CB7_DSM_18205	Collinsella_aerofaciens_ATCC_25986	M_for__91__e__93__	2.1319708464699958e-05	9.597578438387839e-07	all	LB_extend
Eggerthella_lenta_DSM_2243	Faecalibacterium_prausnitzii_A2_165	M_for__91__e__93__	2.1176742294822704e-05	9.533218785829516e-07	all	LB_extend
environment	Bacteroides_thetaiotaomicron_VPI_5482	M_so4__91__e__93__	9.726693311378084e-06	9.343714488935884e-07	all	LB_extend
Faecalibacterium_prausnitzii_A2_165	Clostridium_hiranonis_TO_931_DSM_13275	M_ala_L__91__e__93__	1.0301055173161762e-05	9.177508784369835e-07	all	LB_extend
Eubacterium_rectale_ATCC_33656	Collinsella_aerofaciens_ATCC_25986	M_for__91__e__93__	2.017382316592704e-05	9.081730669898038e-07	all	LB_extend
Bacteroides_uniformis_ATCC_8492	Prevotella_copri_CB7_DSM_18205	M_h2o__91__e__93__	5.020027879784146e-05	9.043680625988735e-07	all	LB_extend
environment	Bacteroides_thetaiotaomicron_VPI_5482	M_fe2__91__e__93__	1.615578344598264e-05	9.022197265409004e-07	all	LB_extend
environment	Eubacterium_rectale_ATCC_33656	M_mg2__91__e__93__	3.266318585078395e-05	7.93878732103304e-07	all	LB_extend
environment	Faecalibacterium_prausnitzii_A2_165	M_his_L__91__e__93__	5.039799833179802e-06	7.819461112771458e-07	all	LB_extend
environment	Faecalibacterium_prausnitzii_A2_165	M_cgly__91__e__93__	4.368177071938434e-06	7.784489046307835e-07	all	LB_extend
environment	Prevotella_copri_CB7_DSM_18205	M_zn2__91__e__93__	1.1506158155868252e-05	7.523876818122251e-07	all	LB_extend
environment	Prevotella_copri_CB7_DSM_18205	M_cu2__91__e__93__	1.1506158155868252e-05	7.311703261728041e-07	all	LB_extend
environment	Bacteroides_thetaiotaomicron_VPI_5482	M_ptrc__91__e__93__	8.07789172299132e-06	7.283576474086136e-07	all	LB_extend
environment	Clostridium_hiranonis_TO_931_DSM_13275	M_ca2__91__e__93__	1.789780494092428e-05	7.173082264223634e-07	all	LB_extend
Collinsella_aerofaciens_ATCC_25986	Bacteroides_uniformis_ATCC_8492	M_leu_L__91__e__93__	5.378117872529405e-06	7.054606288225761e-07	all	LB_extend
environment	Clostridium_hiranonis_TO_931_DSM_13275	M_k__91__e__93__	1.789780494092428e-05	6.997737469217399e-07	all	LB_extend
Clostridium_hiranonis_TO_931_DSM_13275	Eubacterium_rectale_ATCC_33656	M_h__91__e__93__	0.0006907626424092277	6.962196672842606e-07	all	LB_extend
Bacteroides_uniformis_ATCC_8492	Faecalibacterium_prausnitzii_A2_165	M_trp_L__91__e__93__	3.3515025590492326e-06	6.844596046710618e-07	all	LB_extend
environment	Prevotella_copri_CB7_DSM_18205	M_cobalt2__91__e__93__	1.1506158155868252e-05	6.780947198314148e-07	all	LB_extend
Eubacterium_rectale_ATCC_33656	Bacteroides_uniformis_ATCC_8492	M_met_L__91__e__93__	4.491536379536636e-06	6.70186185573403e-07	all	LB_extend
Prevotella_copri_CB7_DSM_18205	Bacteroides_uniformis_ATCC_8492	M_nh4__91__e__93__	3.690410269370796e-05	6.656872756199122e-07	all	LB_extend
environment	Faecalibacterium_prausnitzii_A2_165	M_fol__91__e__93__	1.4648740201895477e-06	6.451141119024506e-07	all	LB_extend
environment	Prevotella_copri_CB7_DSM_18205	M_fe2__91__e__93__	1.1506158155868252e-05	6.425614022144626e-07	all	LB_extend
environment	Prevotella_copri_CB7_DSM_18205	M_fe3__91__e__93__	1.1506158155868252e-05	6.425614022144626e-07	all	LB_extend
environment	Clostridium_hiranonis_TO_931_DSM_13275	M_cl__91__e__93__	1.789780494092428e-05	6.345308785705886e-07	all	LB_extend
environment	Prevotella_copri_CB7_DSM_18205	M_mn2__91__e__93__	1.1506158155868252e-05	6.321253167670901e-07	all	LB_extend
environment	Bacteroides_uniformis_ATCC_8492	M_val_L__91__e__93__	5.2378449454260245e-06	6.135920601923825e-07	all	LB_extend
Faecalibacterium_prausnitzii_A2_165	Bacteroides_uniformis_ATCC_8492	M_nh4__91__e__93__	3.3904408247052963e-05	6.115778872828154e-07	all	LB_extend
Bacteroides_thetaiotaomicron_VPI_5482	Faecalibacterium_prausnitzii_A2_165	M_h__91__e__93__	0.0005534919408251295	5.57864527157648e-07	all	LB_extend
Eggerthella_lenta_DSM_2243	Bacteroides_uniformis_ATCC_8492	M_h__91__e__93__	0.0005271147766446998	5.31278983380193e-07	all	LB_extend
environment	Bacteroides_thetaiotaomicron_VPI_5482	M_zn2__91__e__93__	8.07789172299132e-06	5.282133397664024e-07	all	LB_extend
Clostridium_hiranonis_TO_931_DSM_13275	Bacteroides_ovatus_ATCC_8483	M_h__91__e__93__	0.0005094845744655911	5.135095026038693e-07	all	LB_extend
environment	Bacteroides_thetaiotaomicron_VPI_5482	M_cu2__91__e__93__	8.07789172299132e-06	5.133177074292064e-07	all	LB_extend
environment	Bacteroides_thetaiotaomicron_VPI_5482	M_cobalt2__91__e__93__	8.07789172299132e-06	4.76056008489392e-07	all	LB_extend
environment	Prevotella_copri_CB7_DSM_18205	M_ca2__91__e__93__	1.1506158155868252e-05	4.6114380657088787e-07	all	LB_extend
environment	Bacteroides_thetaiotaomicron_VPI_5482	M_fe3__91__e__93__	8.07789172299132e-06	4.511098632704502e-07	all	LB_extend
environment	Prevotella_copri_CB7_DSM_18205	M_k__91__e__93__	1.1506158155868252e-05	4.4987122342558374e-07	all	LB_extend
environment	Bacteroides_thetaiotaomicron_VPI_5482	M_mn2__91__e__93__	8.07789172299132e-06	4.4378321547769713e-07	all	LB_extend
environment	Clostridium_hiranonis_TO_931_DSM_13275	M_mg2__91__e__93__	1.789780494092428e-05	4.3500614908916465e-07	all	LB_extend
environment	Prevotella_copri_CB7_DSM_18205	M_cl__91__e__93__	1.1506158155868252e-05	4.0792782509999724e-07	all	LB_extend
Faecalibacterium_prausnitzii_A2_165	Prevotella_copri_CB7_DSM_18205	M_co2__91__e__93__	9.25054273189048e-06	4.071117603591341e-07	all	LB_extend
environment	Bacteroides_ovatus_ATCC_8483	M_nac__91__e__93__	3.297603176783022e-06	4.0264163476933674e-07	all	LB_extend
environment	Bacteroides_uniformis_ATCC_8492	M_pi__91__e__93__	3.972358940378252e-06	3.8126423044624634e-07	all	LB_extend
Bacteroides_thetaiotaomicron_VPI_5482	environment	M_h2__91__e__93__	0.000176348908078984	3.5548412890561586e-07	all	LB_extend
Bacteroides_uniformis_ATCC_8492	Clostridium_hiranonis_TO_931_DSM_13275	M_h2o__91__e__93__	1.9196599971066715e-05	3.458305877987611e-07	all	LB_extend
environment	Bacteroides_thetaiotaomicron_VPI_5482	M_ca2__91__e__93__	8.07789172299132e-06	3.237457444740461e-07	all	LB_extend
environment	Bacteroides_thetaiotaomicron_VPI_5482	M_k__91__e__93__	8.07789172299132e-06	3.158318339530315e-07	all	LB_extend
environment	Bacteroides_thetaiotaomicron_VPI_5482	M_cl__91__e__93__	8.07789172299132e-06	2.8638549525521127e-07	all	LB_extend
environment	Prevotella_copri_CB7_DSM_18205	M_mg2__91__e__93__	1.1506158155868252e-05	2.7965717397837787e-07	all	LB_extend
environment	Bacteroides_ovatus_ATCC_8483	M_pydx__91__e__93__	1.6488015883867646e-06	2.7561631159727294e-07	all	LB_extend
Bacteroides_thetaiotaomicron_VPI_5482	Eubacterium_rectale_ATCC_33656	M_h__91__e__93__	0.000232842706383375	2.3468216376380364e-07	all	LB_extend
environment	Faecalibacterium_prausnitzii_A2_165	M_h__91__e__93__	0.00021039490696398195	2.120570267289974e-07	all	LB_extend
environment	Bacteroides_thetaiotaomicron_VPI_5482	M_mg2__91__e__93__	8.07789172299132e-06	1.9633315832730402e-07	all	LB_extend
Bacteroides_thetaiotaomicron_VPI_5482	Bacteroides_ovatus_ATCC_8483	M_h__91__e__93__	0.00017173738111458362	1.7309410642538883e-07	all	LB_extend
Faecalibacterium_prausnitzii_A2_165	Collinsella_aerofaciens_ATCC_25986	M_glyc__91__e__93__	1.584319268835052e-06	1.4590550658446088e-07	all	LB_extend
environment	Bacteroides_ovatus_ATCC_8483	M_zn2__91__e__93__	1.6488015883867646e-06	1.0781513586461055e-07	all	LB_extend
Bacteroides_uniformis_ATCC_8492	Faecalibacterium_prausnitzii_A2_165	M_h2o__91__e__93__	5.968857410712859e-06	1.075301600254743e-07	all	LB_extend
environment	Bacteroides_ovatus_ATCC_8483	M_cu2__91__e__93__	1.6488015883867646e-06	1.0477474573562536e-07	all	LB_extend
environment	Bacteroides_ovatus_ATCC_8483	M_cobalt2__91__e__93__	1.6488015883867648e-06	9.716915376871489e-08	all	LB_extend
environment	Bacteroides_ovatus_ATCC_8483	M_fe2__91__e__93__	1.6488015883867646e-06	9.207732470345887e-08	all	LB_extend
environment	Bacteroides_ovatus_ATCC_8483	M_fe3__91__e__93__	1.6488015883867646e-06	9.207732470345887e-08	all	LB_extend
environment	Bacteroides_ovatus_ATCC_8483	M_mn2__91__e__93__	1.6488015883867646e-06	9.058186166279208e-08	all	LB_extend
environment	Eubacterium_rectale_ATCC_33656	M_h__91__e__93__	8.850882177930307e-05	8.920804147135955e-08	all	LB_extend
Bacteroides_ovatus_ATCC_8483	Bacteroides_uniformis_ATCC_8492	M_nh4__91__e__93__	4.822722095682327e-06	8.699370797854653e-08	all	LB_extend
Bacteroides_uniformis_ATCC_8492	Bacteroides_ovatus_ATCC_8483	M_h2o__91__e__93__	4.531866813604858e-06	8.164248702045426e-08	all	LB_extend
Bacteroides_ovatus_ATCC_8483	environment	M_h2__91__e__93__	3.749185203435743e-05	7.55760753308577e-08	all	LB_extend
environment	Bacteroides_ovatus_ATCC_8483	M_ca2__91__e__93__	1.6488015883867646e-06	6.608067005936476e-08	all	LB_extend
environment	Bacteroides_ovatus_ATCC_8483	M_h__91__e__93__	6.528129437255257e-05	6.579701659809573e-08	all	LB_extend
environment	Bacteroides_ovatus_ATCC_8483	M_k__91__e__93__	1.6488015883867646e-06	6.446533914322223e-08	all	LB_extend
Eggerthella_lenta_DSM_2243	Bacteroides_uniformis_ATCC_8492	M_for__91__e__93__	1.42821297406851e-06	6.429443473883173e-08	all	LB_extend
environment	Bacteroides_ovatus_ATCC_8483	M_cl__91__e__93__	1.6488015883867648e-06	5.845496271307599e-08	all	LB_extend
Bacteroides_ovatus_ATCC_8483	environment	M_thymd__91__e__93__	1.9335684018941844e-07	4.6836440685402456e-08	all	LB_extend
Prevotella_copri_CB7_DSM_18205	environment	M_thymd__91__e__93__	1.9031718325172022e-07	4.610015066469769e-08	all	LB_extend
Bacteroides_uniformis_ATCC_8492	environment	M_meoh__91__e__93__	1.2824161667923478e-06	4.109079409151037e-08	all	LB_extend
environment	Bacteroides_ovatus_ATCC_8483	M_mg2__91__e__93__	1.6488015883867648e-06	4.007412260574032e-08	all	LB_extend
Bacteroides_uniformis_ATCC_8492	Prevotella_copri_CB7_DSM_18205	M_co2__91__e__93__	7.558572782535009e-07	3.3264900887297454e-08	all	LB_extend
Clostridium_hiranonis_TO_931_DSM_13275	Bacteroides_uniformis_ATCC_8492	M_h__91__e__93__	2.4824926845212637e-05	2.5021043767289815e-08	all	LB_extend
Faecalibacterium_prausnitzii_A2_165	Blautia_hydrogenotrophica_DSM_10507	M_ala_L__91__e__93__	2.791665779595355e-07	2.4871760013491103e-08	all	LB_extend
Prevotella_copri_CB7_DSM_18205	Faecalibacterium_prausnitzii_A2_165	M_h__91__e__93__	2.4549183271121046e-05	2.4743121818962898e-08	all	LB_extend
Faecalibacterium_prausnitzii_A2_165	environment	M_thymd__91__e__93__	6.734686330624355e-08	1.6313296004944767e-08	all	LB_extend
Eubacterium_rectale_ATCC_33656	Bacteroides_ovatus_ATCC_8483	M_succ__91__e__93__	9.74847488166012e-08	1.1315249764640536e-08	all	LB_extend
Prevotella_copri_CB7_DSM_18205	Eubacterium_rectale_ATCC_33656	M_h__91__e__93__	1.0327337853967497e-05	1.040892382301384e-08	all	LB_extend
Bacteroides_ovatus_ATCC_8483	Bacteroides_thetaiotaomicron_VPI_5482	M_for__91__e__93__	2.022068022575752e-07	9.102824499950165e-09	all	LB_extend
Bacteroides_thetaiotaomicron_VPI_5482	Bacteroides_uniformis_ATCC_8492	M_h__91__e__93__	8.368001969892564e-06	8.434109185454714e-09	all	LB_extend
Prevotella_copri_CB7_DSM_18205	Bacteroides_ovatus_ATCC_8483	M_h__91__e__93__	7.617116226117345e-06	7.677291444303671e-09	all	LB_extend
environment	Bacteroides_uniformis_ATCC_8492	M_h__91__e__93__	3.180868348878459e-06	3.2059972088345985e-09	all	LB_extend
Bacteroides_uniformis_ATCC_8492	environment	M_h2__91__e__93__	6.780118300676587e-07	1.3667362470503865e-09	all	LB_extend
Eubacterium_rectale_ATCC_33656	Faecalibacterium_prausnitzii_A2_165	M_succ__91__e__93__	1.0285614720308182e-08	1.1938718718156114e-09	all	LB_extend
Bacteroides_ovatus_ATCC_8483	Clostridium_hiranonis_TO_931_DSM_13275	M_for__91__e__93__	1.008261160323129e-08	4.5389295958730426e-10	all	LB_extend
Prevotella_copri_CB7_DSM_18205	Bacteroides_uniformis_ATCC_8492	M_h__91__e__93__	3.7114833806929327e-07	3.740804099400407e-10	all	LB_extend
Bacteroides_ovatus_ATCC_8483	Faecalibacterium_prausnitzii_A2_165	M_for__91__e__93__	5.9666026400574574e-09	2.686009376885226e-10	all	LB_extend
Prevotella_copri_CB7_DSM_18205	Bacteroides_thetaiotaomicron_VPI_5482	M_for__91__e__93__	1.9928147490109866e-09	8.971133868212719e-11	all	LB_extend
Eubacterium_rectale_ATCC_33656	Bacteroides_thetaiotaomicron_VPI_5482	M_for__91__e__93__	1.8857055393400146e-09	8.488956054668517e-11	all	LB_extend
